,Name,Class,Archetype 1,Archetype 2,Rarity,Base HP,Base ATK,Base DEF,HP (Max Potential),ATK (Max Potential),DEF (Max Potential),HP (Max Trust),ATK (Max Trust),DEF (Max Trust),Full HP,Full ATK,Full DEF,Resistance,Base Cost,Max Cost,Block Count,Base Redeployment Time (s),Max Redeployment Time (s),Attack Interval (s),Target Number,Damage Type
0,Goldenglow,Caster,Drone,Mech-Accord,6,0,0,0,0,0,0,0,0,0,0,0,0,0,0,0,0,0,0,0,0,Arts
1,Lee,Specialist,DP-Drain,Merchant,6,2427,789,465,2427,819,465,2727,844,465,2727,874,465,0,9,7,1,25,21,1, 1,Physical
2,Ling,Supporter,Summoner,N/A,6,1079,473,138,1079,497,138,1429,508,138,1429,532,138,20,12,10,1,70,66,1.6, 1,Arts
3,Gnosis,Supporter,Debuffer,Hexer,6,2035,455,132,2035,488,132,2035,535,132,2035,568,132,25,13,11,1,70,66,1.6, 1,Arts
4,Flametail,Vanguard,Skill-DP,Pioneer,6,2138,526,392,2138,551,392,2138,611,392,2138,636,392,0,14,12,2,70,66,1.05, 1,Physical
5,Nearl the Radiant Knight,Guard,Duelist,Dreadnought,6,3550,1064,295,3550,1099,295,3750,1149,295,3750,1184,295,0,19,17,1,70,66,1.5, 1,Physical
6,Fartooth,Sniper,Long-Range,Deadeye,6,1522,1196,163,1522,1236,163,1522,1296,163,1522,1336,163,0,22,20,1,70,66,2.7, 1,Physical
7,Saileach,Vanguard,Flagbearer,Standard Bearer,6,1835,546,367,1835,571,367,1835,586,407,1835,611,407,0,12,10,1,70,66,1.3, 1,Physical
8,Mizuki,Specialist,Ambusher,N/A,6,1758,865,356,1758,897,356,1758,975,356,1758,1007,356,30,21,19,0,70,66,3.5, AoE,Physical
9,Ch'en the Holungday,Sniper,Boomstick,Spreadshooter,6,2501,773,203,2501,806,203,2501,853,203,2501,886,203,0,32,30,1,70,66,2.3, AoE,Physical
10,Pallas,Guard,Support,Instructor,6,1963,687,455,1963,712,455,2263,737,455,2263,762,455,0,17,15,2,70,66,1.05, 1,Physical
11,Carnelian,Caster,Modal,Phalanx Caster,6,2106,846,228,2106,880,228,2106,926,258,2106,960,258,15,24,22,1,70,66,2, AoE,Arts
12,Skadi the Corrupting Heart,Supporter,Aura,Bard,6,1603,368,233,1603,395,233,1603,418,263,1603,445,263,0,8,6,1,70,64,1, 1,Physical
13,Kal'tsit,Medic,ST,Medic,6,1633,490,215,1633,515,215,2033,490,255,2033,515,255,0,20,18,1,70,66,2.85, 1,Healing
14,Gladiia,Specialist,Puller,Hookmaster,6,2309,801,331,2309,801,331,2309,851,381,2309,851,381,0,16,13,2,80,70,1.8, 1,Physical
15,Passenger,Caster,Chain Caster,N/A,6,1558,689,130,1558,721,130,1558,774,130,1558,806,130,20,33,31,1,70,70,2.3, 1,Physical
16,Ash,Sniper,Anti-Air,Marksman,6,1689,534,169,1689,561,169,1689,624,169,1689,651,169,0,14,12,1,70,66,1, 1,Physical
17,Dusk,Caster,AoE,Splash Caster,6,1801,918,127,1801,952,127,1801,1028,127,1801,1062,127,20,34,32,1,70,66,2.9, AoE,Arts
18,Saga,Vanguard,Skill-DP,Pioneer,6,2205,530,372,2205,555,372,2205,615,372,2205,640,372,0,14,12,2,70,66,1.05, 1,Physical
19,Archetto,Sniper,Anti-Air,Marksman,6,1705,528,172,1705,555,172,1705,618,172,1705,645,172,0,14,12,1,70,66,1, 1,Physical
20,Mountain,Guard,Brawler,Fighter,6,2745,587,357,2745,611,357,2745,632,402,2745,656,402,0,11,9,1,70,66,0.78, 1,Physical
21,Mudrock,Defender,Enmity,Juggernaut,6,3928,882,602,3928,882,631,4428,882,662,4428,882,691,10,36,34,3,70,66,1.6, 1,Physical
22,Rosmontis,Sniper,Aftershock,Flinger,6,1944,688,245,1944,720,245,1944,748,275,1944,780,275,15,25,23,1,70,66,2.1, 1,Physical
23,Blemishine,Defender,Healing,Guardian,6,3242,491,581,3242,517,581,3242,581,601,3242,607,601,10,22,20,3,70,66,1.2, 1,Physical
24,Surtr,Guard,Arts Fighter,N/A,6,2916,672,414,2916,700,414,2916,772,414,2916,800,414,15,21,19,1,70,70,1.25, 1,Arts
25,Eunectes,Defender,Duelist,N/A,6,4468,1007,615,4468,1007,642,4468,1077,685,4468,1077,712,0,33,31,1,70,66,1.6, 1,Physical
26,Thorns,Guard,Ranged,Lord,6,2612,711,402,2612,737,402,2612,741,472,2612,767,472,10,20,18,2,70,70,1.3, 1,Physical
27,Suzuran,Supporter,Slower,Decel Binder,6,1480,521,128,1480,546,128,1480,596,128,1480,621,128,25,16,14,1,70,66,1.9, 1,Arts
28,Rosa (Poca),Sniper,Heavyweight,Besieger,6,1755,1032,122,1755,1066,122,1755,1142,122,1755,1176,122,0,24,22,1,70,66,2.4, 1,Physical
29,Weedy,Specialist,Pusher,Push Stroker,6,2133,677,394,2273,677,394,2133,722,439,2273,722,439,0,21,19,2,70,66,1.2, Multi (Block #),Physical
30,W,Sniper,AoE,Artilleryman,6,1605,912,133,1605,947,133,1605,1012,133,1605,1047,133,0,29,27,1,70,66,2.8, AoE,Physical
31,Phantom,Specialist,Fast-Redeploy,Executor,6,1645,558,322,1775,580,322,1645,648,322,1775,670,322,0,10,8,1,18,16,0.93, 1,Physical
32,Bagpipe,Vanguard,DP-On-Kill,Charger,6,2484,586,382,2484,611,382,2484,671,382,2484,696,382,0,13,11,1,70,70,1, 1,Physical
33,Ceobe,Caster,ST,Core Caster,6,1565,667,128,1565,694,128,1565,757,128,1565,784,128,20,21,19,1,70,66,1.6, 1,Arts
34,Nian,Defender,Normal,Protector,6,3699,619,726,3699,643,756,4099,619,796,4099,643,826,0,23,21,3,70,70,1.5, 1,Physical
35,Aak,Specialist,Sacrificial Specialist,N/A,6,2034,703,152,2184,703,152,2334,753,152,2484,753,152,10,13,11,1,70,66,1.3, 1,Physical
36,Blaze,Guard,AoE,Centurion,6,2821,765,370,2821,793,370,2821,825,415,2821,853,415,0,24,22,3,70,70,1.2, Multi (Block #),Physical
37,Mostima,Caster,AoE,Splash Caster,6,1831,834,132,1831,868,132,1831,939,132,1831,973,132,20,34,32,1,70,66,2.9, AoE,Arts
38,Magallan,Supporter,Summoner,N/A,6,1103,469,140,1103,492,140,1403,509,140,1403,532,140,20,12,10,1,70,66,1.6, 1,Arts
39,Hellagur,Guard,Enmity,Musha,6,3825,762,334,3825,788,334,4225,832,334,4225,858,334,0,26,24,1,70,66,1.2, 1,Physical
40,Schwarz,Sniper,Close Range,Heavyshooter,6,1833,840,225,1833,870,225,1833,940,225,1833,970,225,0,20,18,1,70,66,1.6, 1,Physical
41,Ch'en,Guard,Dualstrike,Swordmaster,6,2880,610,352,2880,633,352,2880,660,402,2880,683,402,0,23,21,2,70,66,1.3, 1,Physical
42,Skadi,Guard,Duelist,Dreadnought,6,3866,1015,263,3866,1048,263,3866,1095,303,3866,1128,303,0,19,17,1,70,66,1.5, 1,Physical
43,SilverAsh,Guard,Ranged,Lord,6,2560,713,397,2560,739,397,2560,763,447,2560,789,447,10,20,18,2,70,66,1.3, 1,Physical
44,Saria,Defender,Healing,Guardian,6,3150,485,595,3150,485,622,3150,535,655,3150,535,682,10,22,20,3,70,66,1.2, 1,Physical
45,Hoshiguma,Defender,Normal,Protector,6,3850,430,723,3850,430,753,3850,490,783,3850,490,813,0,23,21,3,70,70,1.2, 1,Physical
46,Nightingale,Medic,AoE,Multi-target Medic,6,1705,350,169,1705,350,169,1705,420,169,1705,420,169,5,18,16,1,70,66,2.85, 3,Healing
47,Shining,Medic,ST,Medic,6,1613,530,138,1613,530,163,1613,610,158,1613,610,183,0,20,18,1,70,70,2.85, 1,Healing
48,Angelina,Supporter,Slower,Decel Binder,6,1385,542,120,1385,567,120,1385,617,120,1385,642,120,25,16,14,1,70,70,1.9, 1,Arts
49,Eyjafjalla,Caster,ST,Core Caster,6,1743,645,122,1743,672,122,1743,735,122,1743,762,122,20,21,19,1,70,70,1.6, 1,Arts
50,Ifrit,Caster,Burninator,Blast Caster,6,1680,870,130,1680,905,130,1680,980,130,1680,1015,130,20,34,32,1,70,70,2.9, AoE,Arts
51,Siege,Vanguard,Skill-DP,Pioneer,6,2251,515,384,2251,540,384,2251,575,409,2251,600,409,0,14,12,2,70,66,1.05, 1,Physical
52,Exusiai,Sniper,Anti-Air,Marksman,6,1673,540,161,1673,567,161,1673,630,161,1673,657,161,0,14,12,1,70,70,1, 1,Physical
53,Quercus,Supporter,Buffer,Abjurer,5,0,0,0,0,0,0,0,0,0,0,0,0,0,0,0,0,0,0,0, 1,Arts
54,Kroos the Keen Glint,Sniper,Anti-Air,Marksman,5,1520,502,176,1520,502,176,1520,577,176,1520,577,176,0,15,12,1,80,70,1, 1,Physical
55,Blacknight,Vanguard,Summoner,Tactician,5,1625,442,133,1625,442,133,1625,502,133,1625,502,133,0,14,12,1,70,60,1, 1,Physical
56,Shalem,Defender,Arts Protector,N/A,5,3090,649,550,3090,674,550,3090,729,550,3090,754,550,15,25,23,3,70,66,1.6, 1,Arts
57,Aurora,Defender,Duelist,N/A,5,4027,901,640,4027,901,667,4027,956,695,4027,956,722,0,32,30,1,70,66,1.6, 1,Physical
58,Kjera,Caster,Drone,Mech-Accord,5,1475,294,121,1475,294,121,1475,354,121,1475,354,121,20,23,20,1,80,70,1.3, 1,Arts
59,Nine-Colored Deer,Supporter,Buffer,Abjurer,5,1685,443,179,1685,443,179,2035,478,179,2035,478,179,25,11,11,1,70,70,1.6, 1,Arts
60,Honeyberry,Medic,Wandering Medic,N/A,5,1458,375,107,1458,394,107,1608,410,107,1608,429,107,10,15,13,1,70,66,2.85, 1,Healing
61,Wild Mane,Vanguard,DP-On-Kill,Charger,5,2225,558,372,2225,558,372,2225,628,372,2225,628,372,0,14,11,1,80,60,1, 1,Physical
62,Corroserum,Caster,Burninator,Blast Caster,5,1572,760,120,1572,793,120,1572,850,120,1572,883,120,20,33,31,1,70,66,2.9, AoE,Arts
63,Ashlock,Defender,Fortress,N/A,5,3207,865,541,3207,897,541,3207,915,591,3207,947,591,0,27,25,3,70,66,2.8, AoE,Physical
64,Mulberry,Medic,Wandering Medic,N/A,5,1367,388,99,1367,407,99,1517,423,99,1517,442,99,10,15,13,1,70,66,2.85, 1,Healing
65,Tequila,Guard,Liberator Guard,N/A,5,3757,302,501,3757,302,501,3987,352,501,3987,352,501,15,13,10,3,80,70,1.2, 1,Physical
66,La Pluma,Guard,Reaper Guard,N/A,5,2250,650,452,2250,650,477,2250,725,452,2250,725,477,0,22,20,2,70,60,1.3, 1,Physical
67,Kirara,Specialist,Ambusher,N/A,5,1780,798,340,1780,828,340,1980,858,340,1980,888,340,30,20,18,0,70,66,3.5, AoE,Physical
68,Bena,Specialist,Substitute,Dollkeeper,5,2435,682,315,2435,682,315,2535,742,315,2535,742,315,0,17,14,2,80,70,1.2, 1,Physical
69,Akafuyu,Guard,Enmity,Musha,5,3635,728,328,3635,728,351,3635,758,383,3635,758,406,0,25,23,1,70,60,1.2, 1,Physical
70,Toddifons,Sniper,Heavyweight,Besieger,5,1667,954,123,1667,988,123,1667,1049,123,1667,1083,123,0,23,21,1,70,66,2.4, 1,Physical
71,Heavyrain,Defender,Normal,Protector,5,3380,378,721,3380,378,721,3730,378,756,3730,378,756,0,24,21,3,80,70,1.2, 1,Physical
72,Frost,Specialist,Trapmaster,N/A,5,1359,529,157,1359,552,157,1559,569,157,1559,592,157,0,13,11,1,70,66,0.85, 1,Physical
73,Blitz,Defender,Normal,Protector,5,3213,445,676,3213,470,676,3213,490,721,3213,515,721,0,22,20,3,70,66,1.2, 1,Physical
74,Tachanka,Guard,Dualstrike,Swordmaster,5,2626,621,309,2626,621,309,2626,661,349,2626,661,349,0,24,21,2,80,70,1.3, 1,Physical
75,Mr. Nothing,Specialist,DP-Drain,Merchant,5,2398,725,396,2398,750,396,2598,765,396,2598,790,396,0,8,6,1,25,22,1, 1,Physical
76,Lava the Purgatory,Caster,AoE,Splash Caster,5,1543,798,115,1543,798,115,1543,888,115,1543,888,115,20,35,32,1,80,70,2.9, AoE,Arts
77,Tuye,Medic,ST,Medic,5,1550,493,135,1550,493,135,1550,568,135,1550,568,135,0,21,18,1,80,70,2.85, 1,Healing
78,Iris,Caster,Charge,Mystic Caster,5,1535,1259,125,1535,1304,125,1535,1389,125,1535,1434,125,20,24,22,1,70,66,3, 1,Arts
79,Robin,Specialist,Trapmaster,N/A,5,1442,513,166,1442,513,166,1642,553,166,1642,553,166,0,13,10,1,80,70,0.85, 1,Physical
80,Kafka,Specialist,Fast-Redeploy,Executor,5,1675,525,311,1825,525,311,2025,525,311,2175,525,311,0,9,7,1,18,16,0.93, 1,Physical
81,Amiya (Guard),Guard,Arts Fighter,N/A,5,2629,657,376,2829,685,398,2629,702,421,2829,730,443,20,21,19,1,70,70,1.25, 1,Arts
82,Whisperain,Medic,Wide-Range,Therapist,5,1432,492,119,1432,515,119,1632,532,119,1632,555,119,10,20,18,1,70,66,2.85, 1,Healing
83,Aosta,Sniper,Boomstick,Spreadshooter,5,2376,691,192,2376,717,192,2376,756,192,2376,782,192,0,31,29,1,70,66,2.3, AoE,Physical
84,Whislash,Guard,Support,Instructor,5,1932,645,420,1932,645,420,1932,675,460,1932,675,460,0,18,15,2,80,70,1.05, 1,Physical
85,April,Sniper,Anti-Air,Marksman,5,1280,528,160,1280,551,160,1280,603,160,1280,626,160,0,13,11,1,70,60,1, 1,Physical
86,Mint,Caster,Modal,Phalanx Caster,5,1945,732,196,1945,732,196,1945,807,211,1945,807,211,15,25,22,1,80,70,2, AoE,Arts
87,Touch,Medic,ST,Medic,5,1633,595,135,1633,595,135,1633,595,135,1633,595,135,0,18,18,1,60,60,2.85, 1,Healing
88,Pith,Caster,AoE,Splash Caster,5,1655,821,128,1655,821,128,1655,821,128,1655,821,128,20,32,32,1,60,60,2.9, AoE,Arts
89,Stormeye,Sniper,Anti-Air,Marksman,5,1549,595,159,1549,595,159,1549,595,159,1549,595,159,0,12,12,1,60,60,1, 1,Physical
90,Sharp,Guard,Duelist,Dreadnought,5,3565,957,265,3565,957,265,3565,957,265,3565,957,265,0,17,17,1,60,60,1.5, 1,Physical
91,Flint,Guard,Brawler,Fighter,5,2495,545,334,2495,569,334,2495,620,334,2495,644,334,0,10,8,1,70,66,0.78, 1,Physical
92,Tomimi,Caster,ST,Core Caster,5,1920,600,119,1920,600,119,2120,635,119,2120,635,119,20,22,19,1,80,70,1.6, 1,Arts
93,Andreana,Sniper,Long-Range,Deadeye,5,1498,1070,128,1498,1105,128,1798,1110,128,1798,1145,128,0,21,19,1,70,66,2.7, 1,Physical
94,Chiave,Vanguard,Skill-DP,Pioneer,5,1824,522,342,1824,546,342,1824,592,342,1824,616,342,0,13,11,2,70,66,1.05, 1,Physical
95,Beeswax,Caster,Modal,Phalanx Caster,5,2005,735,205,2005,765,205,2005,805,225,2005,835,225,15,23,21,1,70,60,2, AoE,Arts
96,Scene,Supporter,Summoner,N/A,5,1105,432,155,1105,432,155,1305,432,190,1305,432,190,20,11,9,1,70,60,1.6, 1,Arts
97,Ayerscarpe,Guard,Ranged,Lord,5,2420,670,375,2420,696,375,2420,745,375,2420,771,375,10,19,17,2,70,66,1.3, AoE,Physical
98,Folinic,Medic,ST,Medic,5,1585,479,133,1585,479,133,1785,529,133,1785,529,133,0,21,18,1,80,70,2.85, 1,Healing
99,Leonhardt,Caster,AoE,Splash Caster,5,1637,773,120,1637,805,120,1637,863,120,1637,895,120,20,33,31,1,70,66,2.9, AoE,Arts
100,Absinthe,Caster,ST,Core Caster,5,1420,633,124,1420,633,124,1420,703,124,1420,703,124,20,22,19,1,80,70,1.6, 1,Arts
101,Tsukinogi,Supporter,Buffer,Abjurer,5,1620,385,175,1780,385,175,1920,425,175,2080,425,175,25,12,10,1,70,66,1.6, 1,Arts
102,Asbestos,Defender,Arts Protector,N/A,5,3135,633,555,3345,633,555,3135,673,595,3345,673,595,15,25,23,3,70,60,1.6, 1,Arts
103,Elysium,Vanguard,Flagbearer,Standard Bearer,5,1669,533,335,1669,533,358,1669,533,395,1669,533,418,0,11,9,1,70,66,1.3, 1,Physical
104,Shamare,Supporter,Debuffer,Hexer,5,1728,408,105,1728,408,105,1728,473,105,1728,473,105,25,12,10,1,70,66,1.6, 1,Arts
105,Sideroca,Guard,Arts Fighter,N/A,5,2845,620,369,2845,620,369,3345,620,369,3345,620,369,15,23,20,1,80,70,1.25, 1,Arts
106,Sesa,Sniper,AoE,Artilleryman,5,1655,833,123,1655,866,123,1655,918,123,1655,951,123,0,28,26,1,70,66,2.8, AoE,Physical
107,Bibeak,Guard,Dualstrike,Swordmaster,5,2550,602,332,2550,624,332,2550,682,332,2550,704,332,0,22,20,2,70,66,1.3, 1,Physical
108,Leizi,Caster,Chain Caster,N/A,5,1443,635,119,1443,663,119,1443,710,119,1443,738,119,20,32,30,1,70,66,2.3, 1,Arts
109,Hung,Defender,Healing,Guardian,5,2823,442,585,2823,442,610,3023,442,645,3023,442,670,10,21,19,3,70,66,1.2, 1,Physical
110,Snowsant,Specialist,Puller,Hookmaster,5,1835,745,355,1835,745,355,2135,745,395,2135,745,395,0,15,12,2,80,70,1.8, 1,Physical
111,GreyThroat,Sniper,Anti-Air,Marksman,5,1493,513,152,1493,536,152,1493,588,152,1493,611,152,0,13,11,1,70,60,1, 1,Physical
112,Broca,Guard,AoE,Centurion,5,2335,762,366,2335,790,366,2335,842,366,2335,870,366,0,23,21,3,70,66,1.2, Multi (Block #),Physical
113,Reed,Vanguard,DP-On-Kill,Charger,5,2215,562,364,2215,587,364,2215,632,364,2215,657,364,0,12,10,1,70,60,1, 1,Physical
114,Bison,Defender,Normal,Protector,5,3456,375,701,3456,375,701,3456,375,781,3456,375,781,0,24,21,3,80,70,1.2, 1,Physical
115,Waai Fu,Specialist,Fast-Redeploy,Executor,5,1455,536,304,1455,536,323,1455,586,334,1455,586,353,0,9,7,1,18,16,0.93, 1,Physical
116,Ceylon,Medic,Wide-Range,Therapist,5,1455,468,126,1455,468,126,1655,508,126,1655,508,126,10,22,19,1,80,70,2.85, 1,Healing
117,Flamebringer,Guard,Duelist,Dreadnought,5,3907,918,195,3907,918,195,4307,963,195,4307,963,195,0,20,17,1,80,70,1.5, 1,Physical
118,Breeze,Medic,AoE,Multi-target Medic,5,1595,343,153,1595,363,153,1795,373,153,1795,393,153,0,17,15,1,70,60,2.85, 3,Healing
119,Executor,Sniper,Boomstick,Spreadshooter,5,2330,720,185,2330,749,185,2330,785,185,2330,814,185,0,31,29,1,70,66,2.3, AoE,Physical
120,Astesia,Guard,Arts Fighter,N/A,5,2523,660,393,2523,660,416,2523,690,448,2523,690,471,15,21,19,1,70,60,1.25, 1,Arts
121,Glaucus,Supporter,Slower,Decel Binder,5,1267,505,100,1267,528,100,1567,540,100,1567,563,100,20,15,13,1,70,66,1.9, 1,Arts
122,Swire,Guard,Support,Instructor,5,1914,656,413,1914,682,413,1914,696,443,1914,722,443,0,16,14,2,70,66,1.05, 1,Physical
123,Grani,Vanguard,DP-On-Kill,Charger,5,2235,552,367,2235,552,367,2235,552,437,2235,552,437,0,14,11,1,80,70,1, 1,Physical
124,Nightmare,Caster,ST,Core Caster,5,1510,622,120,1510,648,120,1510,692,120,1510,718,120,20,20,18,1,70,66,1.6, 1,Arts
125,Savage,Guard,AoE,Centurion,5,2430,705,320,2680,740,320,2430,705,360,2680,740,360,0,22,22,3,70,70,1.2, Multi (Block #),Physical
126,FEater,Specialist,Pusher,Push Stroker,5,1845,640,382,1845,640,382,2145,685,382,2145,685,382,0,20,18,2,70,66,1.2, Multi (Block #),Physical
127,Manticore,Specialist,Ambusher,N/A,5,1630,811,343,1630,841,343,1630,871,373,1630,901,373,30,20,18,0,70,66,3.5, AoE,Physical
128,Sora,Supporter,Aura,Bard,5,1356,335,238,1496,335,238,1356,385,258,1496,385,258,0,7,5,1,70,60,1, 1,Physical
129,Istina,Supporter,Slower,Decel Binder,5,1280,518,104,1280,541,104,1280,583,104,1280,606,104,20,15,13,1,70,66,1.9, 1,Arts
130,Pramanix,Supporter,Debuffer,Hexer,5,1605,430,102,1605,430,102,1605,495,102,1605,495,102,25,12,10,1,70,66,1.6, 1,Arts
131,Cliffheart,Specialist,Puller,Hookmaster,5,1970,765,340,1970,765,340,1970,835,340,1970,835,340,0,13,11,2,70,66,1.8, 1,Physical
132,Firewatch,Sniper,Long-Range,Deadeye,5,1450,1085,131,1450,1120,131,1450,1175,131,1450,1210,131,0,21,19,1,70,66,2.7, 1,Physical
133,Provence,Sniper,Close Range,Heavyshooter,5,1680,781,215,1680,811,215,1680,871,215,1680,901,215,0,19,17,1,70,66,1.6, 1,Physical
134,Vulcan,Defender,Enmity,Juggernaut,5,3688,820,585,3938,820,585,4088,870,585,4338,870,585,10,35,33,3,70,66,1.6, 1,Physical
135,Croissant,Defender,Normal,Protector,5,3520,380,710,3520,380,736,3670,380,770,3670,380,796,0,22,20,3,70,66,1.2, 1,Physical
136,Liskarm,Defender,Normal,Protector,5,3240,425,710,3240,425,737,3240,470,755,3240,470,782,0,22,20,3,70,66,1.2, 1,Physical
137,Projekt Red,Specialist,Fast-Redeploy,Executor,5,1505,530,302,1505,550,302,1505,605,302,1505,625,302,0,9,7,1,18,16,0.93, 1,Physical
138,Nearl,Defender,Healing,Guardian,5,2780,462,575,2780,462,600,2780,502,625,2780,502,650,10,21,19,3,70,66,1.2, 1,Physical
139,Warfarin,Medic,ST,Medic,5,1520,505,125,1520,532,125,1520,580,125,1520,607,125,0,19,17,1,70,60,2.85, 1,Healing
140,Silence,Medic,ST,Medic,5,1595,482,142,1595,506,142,1595,557,142,1595,581,142,0,19,17,1,70,66,2.85, 1,Healing
141,Mayer,Supporter,Summoner,N/A,5,1068,443,130,1068,443,130,1268,478,130,1268,478,130,20,11,9,1,70,60,1.6, 1,Arts
142,Skyfire,Caster,AoE,Splash Caster,5,1620,784,122,1620,817,122,1620,874,122,1620,907,122,20,33,31,1,70,66,2.9, AoE,Arts
143,Amiya,Caster,ST,Core Caster,5,1480,612,121,1680,642,121,1680,682,121,1880,712,121,20,20,18,1,70,70,1.6, 1,Arts
144,Meteorite,Sniper,AoE,Artilleryman,5,1505,865,116,1505,900,116,1505,950,116,1505,985,116,0,28,26,1,70,60,2.8, AoE,Physical
145,Platinum,Sniper,Anti-Air,Marksman,5,1550,505,165,1550,528,165,1550,580,165,1550,603,165,0,13,11,1,70,66,1,  1,Physical
146,Blue Poison,Sniper,Anti-Air,Marksman,5,1230,535,130,1230,559,130,1230,610,130,1230,634,130,5,13,11,1,70,66,1, 1,Physical
147,Specter,Guard,AoE,Centurion,5,2630,725,355,2630,752,355,2630,805,355,2630,832,355,0,23,21,3,70,66,1.2, Multi (Block #),Physical
148,Lappland,Guard,Ranged,Lord,5,2350,685,365,2350,710,365,2350,760,365,2350,785,365,15,19,17,2,70,66,1.3, 1, Physical
149,Indra,Guard,Brawler,Fighter,5,2565,530,350,2565,553,350,2565,605,350,2565,628,350,0,10,8,1,70,66,0.78, 1,Physical
150,Franka,Guard,Duelist,Dreadnought,5,3768,936,235,3768,966,235,3768,1011,260,3768,1041,260,0,18,16,1,70,60,1.5, 1,Physical
151,Texas,Vanguard,Skill-DP,Pioneer,5,1950,500,343,1950,524,343,1950,570,343,1950,594,343,0,13,11,2,70,60,1.05, 1,Physical
152,Zima,Vanguard,Skill-DP,Pioneer,5,2150,470,350,2150,470,374,2150,470,420,2150,470,444,0,13,11,2,70,60,1.05, 1,Physical
153,Ptilopsis,Medic,AoE,Multi-target Medic,5,1610,335,150,1610,356,150,1610,390,150,1610,411,150,0,17,15,1,70,60,2.85, 3,Healing
154,Pudding,Caster,Chain Caster,N/A,4,1326,542,108,1326,565,108,1326,612,108,1326,635,108,20,31,29,1,70,60,2.3, 1,Arts
155,Roberta,Supporter,Artificer,N/A,4,2470,535,415,2470,535,450,2470,570,450,2470,570,485,0,17,15,2,70,66,1.5, 1,Physical
156,Indigo,Caster,Charge,Mystic Caster,4,1435,1116,117,1435,1152,117,1435,1216,117,1435,1252,117,20,23,21,1,70,66,3, 1,Arts
157,Beanstalk,Vanguard,Summoner,Tactician,4,1569,405,125,1569,405,125,1569,455,125,1569,455,125,0,13,11,1,70,60,1, 1,Physical
158,Pinecone,Sniper,Boomstick,Spreadshooter,4,2200,667,167,2200,695,167,2200,722,167,2200,750,167,0,30,28,1,70,66,2.3, AoE,Physical
159,Bubble,Defender,Normal,Protector,4,3416,370,645,3416,370,670,3416,370,720,3416,370,745,0,21,19,3,70,60,1.2, 1,Physical
160,Arene,Guard,Ranged,Lord,4,2250,640,340,2250,658,340,2250,695,340,2250,713,340,10,18,16,2,70,66,1.3, 1,Physical
161,Aciddrop,Sniper,Close Range,Heavyshooter,4,1576,735,209,1576,765,209,1576,815,209,1576,845,209,0,18,16,1,70,62,1.6, 1,Physical
162,Jaye,Specialist,DP-Drain,Merchant,4,2284,674,378,2284,697,378,2484,714,378,2484,737,378,0,7,5,1,25,22,1, 1,Physical
163,Click,Caster,Drone,Mech-Accord,4,1440,315,120,1440,315,120,1440,375,120,1440,375,120,20,20,18,1,70,60,1.3, 1,Arts
164,Podenco,Supporter,Slower,Decel Binder,4,1163,492,96,1163,513,96,1163,542,96,1163,563,96,20,14,12,1,70,66,1.9, 1,Arts
165,Jackie,Guard,Brawler,Fighter,4,2378,529,308,2378,550,308,2378,589,308,2378,610,308,0,9,7,1,70,66,0.78, 1,Physical
166,Cutter,Guard,Dualstrike,Swordmaster,4,2320,571,325,2320,592,325,2320,641,325,2320,662,325,0,21,19,2,70,66,1.3, 1,Physical
167,Conviction,Guard,Duelist,Dreadnought,4,3483,929,166,3483,929,166,3705,951,166,3705,951,166,0,16,16,1,70,70,1.5, 1,Physical
168,Utage,Guard,Enmity,Musha,4,3444,693,312,3444,716,312,3444,723,352,3444,746,352,0,24,22,1,70,60,1.2, 1,Physical
169,Purestream,Medic,Wide-Range,Therapist,4,1365,454,118,1365,477,118,1515,489,118,1515,512,118,10,19,17,1,80,70,2.85, 1,Healing
170,Ambriel,Sniper,Long-Range,Deadeye,4,1595,977,122,1595,977,122,1595,1052,122,1595,1052,122,0,20,18,1,70,66,2.7, 1,Physical
171,May,Sniper,Anti-Air,Marksman,4,1632,478,105,1632,501,105,1632,543,105,1632,566,105,0,12,10,1,70,66,1, 1,Physical
172,Ethan,Specialist,Ambusher,N/A,4,1530,742,337,1680,742,337,1980,742,337,2130,742,337,30,19,17,0,70,60,3.5, AoE,Physical
173,Dur-nar,Defender,Arts Protector,N/A,4,3007,583,548,3007,606,568,3007,648,548,3007,671,568,15,24,22,3,70,66,1.6, 1,Arts
174,Vermeil,Sniper,Anti-Air,Marksman,4,1230,485,162,1230,509,162,1230,550,162,1230,574,162,0,12,10,1,70,60,1, 1,Physical
175,Myrtle,Vanguard,Flagbearer,Standard Bearer,4,1565,520,300,1565,520,322,1565,520,350,1565,520,372,0,10,8,1,70,66,1.3, 1,Physical
176,Sussurro,Medic,ST,Medic,4,1345,488,122,1345,511,122,1345,548,122,1345,571,122,0,18,16,1,70,66,2.85, 1,Healing
177,Greyy,Caster,AoE,Splash Caster,4,1537,699,130,1537,699,130,1837,699,130,1837,699,130,20,32,30,1,70,60,2.9, AoE,Arts
178,Beehunter,Guard,Brawler,Fighter,4,2435,513,312,2615,513,312,2435,573,312,2615,573,312,0,9,7,1,70,66,0.78, 1,Physical
179,Shaw,Specialist,Pusher,Push Stroker,4,1785,580,365,1925,580,365,1985,615,365,2125,615,365,0,19,17,2,70,60,1.2, Multi (Block #),Physical
180,Earthspirit,Supporter,Slower,Decel Binder,4,1205,480,101,1205,501,101,1205,530,101,1205,551,101,20,14,12,1,70,66,1.9, 1,Arts
181,Deepcolor,Supporter,Summoner,N/A,4,1050,403,125,1050,403,125,1350,403,125,1350,403,125,15,10,8,1,70,60,1.6, 1,Arts
182,Gummy,Defender,Healing,Guardian,4,2550,435,562,2550,456,562,2950,435,562,2950,456,562,10,20,18,3,70,66,1.2, 1,Physical
183,Cuora,Defender,Normal,Protector,4,3105,365,690,3105,365,717,3105,365,765,3105,365,792,0,21,19,3,70,60,1.2, 1,Physical
184,Matterhorn,Defender,Normal,Protector,4,3235,375,670,3485,375,670,3620,375,670,3870,375,670,5,21,19,3,70,60,1.2, 1,Physical
185,Perfumer,Medic,AoE,Multi-target Medic,4,1560,320,145,1560,339,145,1710,345,145,1710,364,145,0,16,14,1,70,66,2.85, 3,Healing
186,Gavial,Medic,ST,Medic,4,1580,450,152,1580,473,152,1580,480,182,1580,503,182,0,18,16,1,70,66,2.85, 1,Healing
187,Myrrh,Medic,ST,Medic,4,1420,465,131,1420,488,131,1420,525,131,1420,548,131,0,18,16,1,70,66,2.85, 1,Healing
188,Rope,Specialist,Puller,Hookmaster,4,1720,728,325,1720,728,347,1720,728,385,1720,728,407,0,12,10,2,70,66,1.8, 1,Physical
189,Gravel,Specialist,Fast-Redeploy,Executor,4,1420,452,335,1580,452,335,1720,452,335,1880,452,335,0,8,6,1,18,16,0.93, 1,Physical
190,Mousse,Guard,Arts Fighter,N/A,4,2345,644,357,2345,670,357,2345,679,392,2345,705,392,15,20,18,1,70,66,1.25, 1,Arts
191,Estelle,Guard,AoE,Centurion,4,2500,690,315,2700,690,315,2850,690,315,3050,690,315,0,22,20,3,70,66,1.2, Multi (Block #),Physical
192,Frostleaf,Guard,Ranged,Lord,4,2260,660,323,2260,660,323,2260,660,378,2260,660,378,10,18,16,2,70,60,1.3, 1,Physical
193,Matoimaru,Guard,Duelist,Dreadnought,4,3640,916,156,3820,916,156,4090,916,156,4270,916,156,0,17,15,1,70,66,1.5, 1,Physical
194,Dobermann,Guard,Support,Instructor,4,2024,602,382,2174,602,382,2024,632,412,2174,632,412,0,15,13,2,70,66,1.05, 1 ,Physical
195,Vigna,Vanguard,DP-On-Kill,Charger,4,1845,558,351,1845,582,351,1845,618,351,1845,642,351,0,11,9,1,70,66,1, 1,Physical
196,Scavenger,Vanguard,Skill-DP,Pioneer,4,1835,470,310,1835,495,310,1835,530,310,1835,555,310,0,12,10,2,70,66,1.05, 1,Physical
197,Courier,Vanguard,Skill-DP,Pioneer,4,1985,435,322,1985,435,345,1985,435,382,1985,435,405,0,12,10,2,70,66,1.05, 1,Physical
198,Shirayuki,Sniper,AoE,Artilleryman,4,1630,797,100,1630,827,100,1630,867,100,1630,897,100,0,27,25,1,70,60,2.8, AoE,Physical
199,Meteor,Sniper,Anti-Air,Marksman,4,1370,465,165,1370,488,165,1370,530,165,1370,553,165,0,12,10,1,70,66,1, 1,Physical
200,Jessica,Sniper,Anti-Air,Marksman,4,1320,475,154,1320,498,154,1320,540,154,1320,563,154,0,12,10,1,70,60,1, 1,Physical
201,Gitano,Caster,AoE,Splash Caster,4,1598,715,118,1598,742,118,1598,785,118,1598,812,118,20,32,30,1,70,66,2.9, AoE,Arts
202,Haze,Caster,ST,Core Caster,4,1420,583,110,1520,583,110,1420,643,110,1520,643,110,20,19,17,1,70,66,1.6, 1,Arts
203,Reserve Operator - Caster,Caster,ST,Core Caster,3,1050,456,84,1050,456,84,1050,456,84,1050,456,84,15,17,17,1,70,70,1.6, 1,Arts
204,Reserve Operator - Logistics,Medic,ST,Medic,3,1080,338,102,1080,338,102,1080,338,102,1080,338,102,0,16,16,1,70,70,2.85, 1,Healing
205,Reserve Operator - Sniper,Sniper,Anti-Air,Marksman,3,980,401,115,980,401,115,980,401,115,980,401,115,0,10,10,1,70,70,1, 1,Physical
206,Reserve Operator - Melee,Vanguard,Skill-DP,Pioneer,3,1165,309,278,1165,309,278,1165,309,278,1165,309,278,0,10,10,2,70,70,1.05, 1,Physical
207,Spot,Defender,Healing,Guardian,3,1833,320,442,1833,320,466,1833,350,472,1833,350,496,10,17,15,3,70,66,1.2, 1,Physical
208,Popukar,Guard,AoE,Centurion,3,1858,495,245,1858,518,245,1858,545,245,1858,568,245,0,19,17,2,70,66,1.2, Multi (Block #),Physical
209,Midnight,Guard,Ranged,Lord,3,1653,497,282,1653,519,282,1653,547,282,1653,569,282,10,16,14,2,70,66,1.3, 1,Physical
210,Catapult,Sniper,AoE,Artilleryman,3,1150,617,85,1150,644,85,1150,672,85,1150,699,85,0,23,21,1,70,60,2.8, AoE,Physical
211,Orchid,Supporter,Slower,Decel Binder,3,935,378,83,935,397,83,935,418,83,935,437,83,15,12,10,1,70,60,1.9, 1,Arts
212,Steward,Caster,ST,Core Caster,3,1100,470,90,1100,493,90,1100,520,90,1100,543,90,15,18,16,1,70,60,1.6, 1,Arts
213,Ansel,Medic,ST,Medic,3,1135,362,109,1135,382,109,1135,407,109,1135,427,109,0,17,15,1,70,66,2.85, 1,Healing
214,Hibiscus,Medic,ST,Medic,3,1220,345,110,1220,363,110,1220,390,110,1220,408,110,0,17,15,1,70,60,2.85, 1,Healing
215,Lava,Caster,AoE,Splash Caster,3,1141,582,95,1141,582,95,1141,642,95,1141,642,95,15,30,28,1,70,66,2.9, AoE,Arts
216,Adnachiel,Sniper,Anti-Air,Marksman,3,1080,365,134,1080,388,134,1080,415,134,1080,438,134,0,11,9,1,70,60,1, 1,Physical
217,Kroos,Sniper,Anti-Air,Marksman,3,1060,375,126,1060,396,126,1060,425,126,1060,446,126,0,11,9,1,70,66,1, 1,Physical
218,Beagle,Defender,Normal,Protector,3,2035,295,490,2035,295,518,2035,295,550,2035,295,578,0,18,16,3,70,60,1.2, 1,Physical
219,Cardigan,Defender,Normal,Protector,3,2130,305,475,2330,305,475,2430,305,475,2630,305,475,0,18,16,3,70,60,1.2, 1,Physical
220,Melantha,Guard,Duelist,Dreadnought,3,2745,738,155,2745,763,155,2745,803,155,2745,828,155,0,15,13,1,70,60,1.5, 1,Physical
221,Plume,Vanguard,DP-On-Kill,Charger,3,1226,445,279,1226,466,279,1226,495,279,1226,516,279,0,10,8,1,70,60,1, 1,Physical
222,Vanilla,Vanguard,Skill-DP,Pioneer,3,1270,355,240,1270,375,240,1270,405,240,1270,425,240,0,11,9,2,70,60,1.05, 1,Physical
223,Fang,Vanguard,Skill-DP,Pioneer,3,1325,325,260,1325,325,280,1325,325,310,1325,325,330,0,11,9,2,70,60,1.05, 1,Physical
224,12F,Caster,AoE,Splash Caster,2,1461,432,50,1461,456,50,1461,482,50,1461,506,50,10,24,22,1,70,65,2.9, AoE,Arts
225,Durin,Caster,ST,Core Caster,2,952,340,62,1052,340,62,952,370,62,1052,370,62,10,12,10,1,70,65,1.6, 1,Arts
226,Rangers,Sniper,Anti-Air,Marksman,2,780,269,66,780,269,66,780,299,66,780,299,66,0,7,5,1,70,65,1, 1,Physical
227,Noir Corne,Defender,Normal,Protector,2,1670,240,315,1760,240,315,1670,240,355,1760,240,355,0,14,12,3,70,65,1.2, 1,Physical
228,Yato,Vanguard,Skill-DP,Pioneer,2,1030,232,192,1030,250,192,1030,262,192,1030,280,192,0,7,5,2,70,65,1.05, 1,Physical
229,"""Justice Knight""",Sniper,Anti-Air,Marksman,1,495,172,41,495,172,41,595,217,41,595,217,41,0,3,3,1,200,200,1, 1,Physical
230,THRM-EX,Specialist,Fast-Redeploy,Executor,1,1443,260,443,1443,260,443,1443,350,443,1443,350,443,50,3,3,0,200,200,0.93, 1,Physical
231,Castle-3,Guard,Duelist,Dreadnought,1,1191,353,90,1191,353,90,1391,413,90,1391,413,90,0,3,3,1,200,200,1.5, 1,Physical
232,Lancet-2,Medic,ST,Medic,1,435,70,27,435,70,27,535,110,27,535,110,27,0,3,3,1,200,200,2.85, 1,Healing
